filename	id_v1	value1	id_v2	value2	id_v3	value3
EMEC609488_Cerceris_compacta.txt	304	Cerceris compacta Cr	304	Cerceris compacta Cr	308	Cerberus compact Cr.
EMEC609504_Cerceris_compacta.txt	301	Cereris compacta	311	Cderceris compacta Cr.  	313	Cerceris compacta
EMEC609515_Cerceris_compacta.txt	301	Cerceris compacta compacta	306	Cerceris compacta	318	Cerceri compacta compacta Cr.
EMEC609523_Cerceris_compacta.txt	301	Cerceris compacta compacta	314	Cerceris compacta compacta Cr.	318	cerceris compacta compacta Cr.
EMEC609529_Cerceris_compacta.txt	301	Cerceris compacta	312	Cerceris compacta compacta	318	Cerceris compacta compacta Cr.
EMEC609543_Cerceris_compacta.txt	301	Cerceris aueofacialis	306	Cerceris aureofacialis	307	Cerceris aureofacialis
EMEC609600_Cerceris_compacta.txt	305		315		317	
EMEC609601_Cerceris_compacta.txt	306		310		318	
EMEC609612_Cerceris_compacta.txt	301	Donnetlsmithie Hintonii	306		310	
EMEC609623_Cerceris_compacta.txt	301		306		307	
EMEC609639_Cerceris_compar_compar.txt	301	Cerceris compar	48	Cerceris compar 	67	Cerceris compar Cr. 
EMEC609675_Cerceris_conifrons.txt	301	Cerceris conifrons	303	Cerceris conifrons	307	Cerceris conifrons
EMEC609686_Cerceris_conifrons.txt	301		305	Cochise Co.	306	
EMEC609696_Cerceris_conifrons.txt	308	Cerceris conifrons Mick	318	Cercenis conifrons Mick.	48	Cerceris conifrons
EMEC609705_Cerceris_conifrons.txt	303	Cerceris conifrons	310	Cerceris conifrons Mickel	318	Cerceris conifrons
EMEC609711_Cerceris_convergens.txt	301	Cereris chilopsidis	309	Cerceris chiopsidis	318	Cerceris chilopsidis
EMEC609719_Cerceris_convergens.txt	301	Cereris convergens	313	Cerceris convergens	318	cerceris convergens
EMEC609722_Cerceris_convergens.txt	318	cerceris convergens	48	Cerceris convergens	67	Cerceris convergens
EMEC609740_Cerceris_convergens.txt	301		306	Cerceris convergens	307	Cerceris convergens Viereck & Ckll.
EMEC609764_Cerceris_convergens.txt	301	Cerceris convergens	302	Cerceris convergens	306	Cerceris convergens
EMEC609785_Cerceris_convergens.txt	301	Cerceris convergens	307	Cerceris convergens	317	Cerceris convergens
EMEC609803_Cerceris_convergens.txt	301	Cerceris convergens	306	Cerceris convergens	48	Cerceris convergens
EMEC609826_Cerceris_convergens.txt	317	Cerceris convergens	318	Cerceris converges	48	Cerceris convergens
EMEC609828_Cerceris_convergens.txt	301	Cerceris convergens	303	Eriogonum inflatum	304	Cerceris convergens
EMEC609879_Cerceris_convergens.txt	301	Cereris convergens	306	Cerceris convergens	310	Cerceris convergens V. C.
EMEC609880_Cerceris_convergens.txt	301		305	Cochise Co.	306	
EMEC609882_Cerceris_convergens.txt	306	Eriogonum Fasciculatum	307		313	Eriogonum fasciculatum
EMEC609885_Cerceris_convergens.txt	305	Sabino Canyon Pima Go.	308		309	Cerceris convergens
EMEC609900_Stigmus_sp.txt	301		307		311	
EMEC609903_Stigmus_sp.txt	301		307		310	
EMEC609926_Stigmus_sp.txt	301		306		307	
EMEC609939_Stigmus_sp.txt	311		314		316	
EMEC609987_Aphilanthops_foxi.txt	315		317		318	Aphilanthops foxi
EMEC609997_Aphilanthops_foxi.txt	301	Melilotus	304	Melilotus	304	Melilotus
NY01075765_lg.txt	307	Pyrenocollema atlanticum (Vainio) R. C. Harris	318	Pyrenocollema atlanticum	48	Pyrenocollema atlanticum (Vainio)
NY01075766_lg.txt	301	Arthopyenia halodytes	302	Arthopyrenia halodytes (Nyl.)	313	Arthopyrenia halodytes (Nyl.)
NY01075768_lg.txt	301	Pyrenocollema halodtes	311	Pyrenocollema halodytes (Nyl.)	317	Pyrenocollema halodytes (Nyl.)
NY01075775_lg.txt	306	Pyrenocollema Tichothecioides	318	PYRENOCOLLEMA TICHOTHECIOIDES	48	Pyrenocollema tichothecioides (Arn.)
NY01075790_lg.txt	301	Arthopyrenia cinchonae	306	Arthopyrenia Cinchonae	318	Arthopyrenia cinchonae (Ach.)
NY01075792_lg.txt	318	Arthopyrenia cinchonea (Ach.)	48	Arthopyrenia cinchonae (Ach.)	67	Arthopyrenia cinchonae (Ach.)
NY01075806_lg.txt	314	Arthopyrenia cinchonae (Ach.) Mull. Arg. 	317	Arthopyrenia cinchonae (Ach.)	318	Arthopyrenia cinchonae
NY01075818_lg.txt	306	Arthopyrenia cinchonae	309	Arthopyrenia cinchonae (Ach.)	310	Arthopyrenia cinchonae (Ach.) Mull. Arg.
NY01075822_lg.txt	301	Arthopyrenia cinchonae	311	Arthopyrenia cinchonae (Ach.) Mull. Arg.	312	Arthopyrenia cinchonae (Ach.)
NY01075827_lg.txt	302	Ciferriolichen cinchonae (Ach.)	310	Ciferriolichen cinchonae (Ach.)	317	Ciferriolichen cinchonae
NY01075831_lg.txt	311	Arthopyrenia cinchonae (Ach.) Mull. Arg.	316	Arthopyrenia cinchonae (Ach.)	318	Arthopyernia cinchonae (Ach.)
NY01075837_lg.txt	308	Ciferriolichen cinchonae (Ach.)	310	Ciferriolichen cinchonae (Ach.)	316	Ciferriolichen cinchonae (Ach.)
NY_00020326.txt	301	Foresitera eggerisana	310	Forestiera eggersiana Krug & Urb	318	Oleaceae
NY_00040685.txt	302	Jasminum fluminense Vell.	316	Jasminum fluminense Vell	317	Jasminum fluminense
NY_00040919.txt	301	Manilkara bidentata	307	Manilkara bidentata	313	Manilkara bidentata (A. L. Candolle) Chevalier
NY_00198945.txt	301	gastonia cutinougia	318	Gastonia cutichongia Lyam.	48	Gastonia cutispongia
NY_00198993.txt	306	Polyscias obtusa Harms	307	Nothopanax tricochleatus Miq. 	318	Nothophanax tricodileatrium Nug.
NY_00413475.txt	301	Jasminium fluminense	309	Jasminium fluminense Vell.	318	Jasminium fluminence Vell.
NY_00413589.txt	301	Myriophyllum aquatium	301	Myriophyllum aquatium	306	Myriophyllum aquaticum
NY_00499439.txt	306		314	Cymbalavia Cymbalavia (L.) Weltst	318	
NY_00617450.txt	301	Daucus carota	318	Daucus carota L.	48	Daucus carota L.
NY_00641566.txt	301	Bambusa tuldoides	303	Gramineae	311	Bambusa tuldoides Munro
NY_00754868.txt	307	Bambusa multiplex (Loureiro) Raeuschel	317	Bambusa multiplex	318	Bambus multiplex
NY_00754872.txt	301	Bambusa vulgaris	303	Bambusa vulgaris Schrad	307	Bambusa vulgaris Schrad.
NY_00819601.txt	305	Ludwigia peploides (HBK.) Raven subsp. peploides	306	Ludwigia peploides Raven subsp. peptides	317	Ludwigia peploides
NY_01334326.txt	315	B. floridana	317		318	
NY_01334334.txt	307	Buchnera longifolia	317	Buchnera longifolia	318	Buchnera longifolia Kunth
NY_01334374.txt	301	Capraria biflora L.	302	Capraria biflora L.	315	Capraria biflora
NY_01334391.txt	302	Capraria biflora L.	306	Capraria biflora L.	307	Capraria biflora
NY_01334433.txt	303	Capraria biflora	318	Cepraria bifiora L.	48	Capraria biflora L.
NY_01334438.txt	303	Capraria biflora	306	Capraria biflora	307	Capraria biflora
NY_01334464.txt	301	Capraria biflora	318	Capraria biflora L.	48	Capraria biflora L.
NY_01334493.txt	303	Losella subulata	306	Limosella subulata Ives	310	Linosella subulata Ives.
NY_01334508.txt	301	Lindernia crustacea	306	Lindernia crustacea	307	Lindernia crustacea
NY_01497987.txt	302	Linociera domigenlio (Lam.) Knobl.	306	Lindeiera domingentio	308	Lineciera domingentis (Lam.) Knobl.
NY_01498039.txt	306	Olea europea L.	309	Olea europea L.	318	Olea europea L.
NY_01498043.txt	306	Olea europaea L	318		48	Olea europea L.
NY_01498065.txt	301	Cynoctonm mitreola	307	Cynoctonum mitreola (L.) Britt.	311	Cynoctonum mitreola
NY_01498090.txt	303	Mitreola petoilata	304	Mitreola petiolata	306	Mitreola petiolate
NY_01498103.txt	311	Cynoctomem mitreola 	318		48	Mitreola petiolata
NY_01498113.txt	318	Mitreola fitiolata	48	Mitreola petiolata (J. F. Gmel.)	67	Mitreola hesiolasa Torr es. Gr. 
NY_01498139.txt	318		48		67	Polypremuru Prolurulieus L. 
NY_01498155.txt	301	Spigelia anthelmia	306		318	Arthemisia L.
NY_01498166.txt	318	Spigelia anthelmia L	48	Spigelia anthelmia L.	67	Spigelia anthelmia L.
NY_01498191.txt	301	Spigelia anthelmia	306	Spigelia anthelmia	310	Spigelia anthelmia L.
TENN-L-0000013_lg.txt	312	Acroscyphus sphaerophoroides	48	Acroscyphus sphaerophoroides	67	Acroscyphus sphaerophoroides Lev. 
TENN-L-0000019_lg.txt	305	Actrino 	307		312	Actinogyra
TENN-L-0000028_lg.txt	301	Actinogyra muhlenbergii	302	Actinogyra mahlenbergii (Ach.)	306	Actinogyra muhlenbergii
TENN-L-0000035_lg.txt	301	Actinogyra muhlenbergii	303	Actinogyra muhlenbergli (Ach.)	318	Actinogyra muhlenbergii (Ach.) Schol.
TENN-L-0000047_lg.txt	301		306	Alectorie	318	Alectoria
TENN-L-0000057_lg.txt	301	Alectorian fermontii	302	Alectoria Fremontii Tuck.	310	Alectoria fremontii Tuck.
TENN-L-0000058_lg.txt	301		303	Alectoria fremontii tuck	304	Alectoria Fremontii Tuck
TENN-L-0000061_lg.txt	302	Alectoria jubata (L.) Ach.	310	Alectoria jubata (L.) Ach.	318	Alectoria jubata (L.) Ach.
TENN-L-0000063_lg.txt	301	Alectoria jubata	306	Alectoria jubata Ach. var. chalybeiformis Ach.	311	Alectoria jubata Ach. var. chalybeiformis Ach. Syn. of Alectoria chalybeiformis Roehling
TENN-L-0000072_lg.txt	301	Alectoria jubata implexa	305	Alectoria jubata implexa (Hoffm.) Ach.	306	Alectoria jubata implexa
TENN-L-0000084_lg.txt	302	Alectoria nadvornikiana Gyel.	310	Alectoria nidulifera	314	Alectoria nadvornikiana Gyel.
TENN-L-0000089_lg.txt	309	Alectoria nigricans (Ach.)	318	Alectoria nigricans (Ach.)Nyl	48	Alectoria nigricans (Ach.)
WIS-L-0011734_lg.txt	301	Ceharia laeuigatum rass	303	Cetraria laeviqatum rass	318	Cetraria laevigatum Rass
WIS-L-0012025_lg.txt	301	Cetirua ulandica	310	Cetraria islandica (L) Ach. 	317	Cetraria islandica (L.) ACH
WIS-L-0012041_lg.txt	306		48	Cetraria laevigata Rass	67	Cetraria laevigata Rass. 
WIS-L-0012052_lg.txt	303	Cetraria larvigate Rass	317	Cetraria laerigate Rass	318	Cetraria levigata Rass
WIS-L-0012056_lg.txt	301	Laeuigata Rass	302	Cetraria laevigata Rass	307	Cetraria laevigata Rass
WIS-L-0012062_lg.txt	318	Coleocaulon muricatum (ACH.)	48	Caelocaulen muricatum (Ach.)	67	Caelocaulon muricatum (Ach.)
WIS-L-0012070_lg.txt	310	Cetrelia cetrarioides (Del.ex Duby)  Culb.+ Culb.	316	Cetielia cetrarioides 	318	Cetrelis cetrarioides (Del.ex Oreby) Culb+Culb
WIS-L-0012071_lg.txt	317	Cetrelia catrarioides	318	Cetrelia cetrarioides (Delise ex Duby) Culb&culb	48	Cetrelia cetrarioides
WIS-L-0012077_lg.txt	306	Cetraria delisea	316	Cetrariella delisea (Bory)	318	Cetraria delisea
